Rank,Languages
1,"['C++', 'Wikitext', 'C++', 'Wikitext', 'C', 'C', 'C', 'C++', 'Wikitext']"
2,"['Go', 'Solidity', 'C++', 'Markdown', 'TypeScript', 'Go', 'C++', 'Haskell', 'TypeScript', 'Rust', 'TypeScript', 'Markdown', 'Solidity', 'JavaScript', 'Python', 'JavaScript', 'TypeScript', 'HTML', 'Go']"
3,No GitHub Link
4,"['Go', 'Solidity', 'Go', 'Solidity', 'Go', 'Solidity', 'Go', 'Solidity', 'TypeScript', 'Go', 'JavaScript', 'JavaScript', 'Python', 'Go', 'Go', 'TypeScript', 'Solidity', 'JavaScript', 'Shell']"
5,"['C++', 'JavaScript', 'TypeScript', 'Python', 'Java', 'C++', 'C++', 'Python', 'Python', 'TypeScript', 'CMake', 'Python', 'JavaScript', 'Java', 'TypeScript', 'JavaScript', 'Python', 'C', 'HTML', 'Vue']"
6,"['JavaScript', 'TypeScript', 'TypeScript', 'HTML', 'JavaScript', 'TypeScript', 'JavaScript', 'TypeScript', 'TypeScript', 'JavaScript', 'JavaScript', 'JavaScript', 'JavaScript', 'HTML', 'JavaScript', 'TypeScript', 'HTML']"
7,No GitHub Link
8,"['C++', 'C++', 'HTML', 'C', 'Java', 'Python', 'HTML', 'HTML', 'C++', 'Python', 'C', 'Java']"
9,"['Rust', 'Rust', 'Rust', 'Rust', 'Rust', 'TypeScript', 'TypeScript', 'Rust', 'TypeScript', 'Rust', 'Rust', 'Rust', 'TypeScript', 'JavaScript', 'Shell', 'C']"
10,"['Java', 'Java', 'Java', 'Java', 'Java', 'Shell', 'JavaScript', 'TypeScript', 'JavaScript', 'Java', 'Java', 'Java', 'JavaScript', 'Rust', 'Shell', 'C++']"
11,"['Rust', 'Rust', 'Rust', 'Rust', 'TypeScript', 'Rust', 'Rust', 'TypeScript', 'Rust', 'TypeScript', 'Rust', 'TypeScript', 'Rust', 'Rust', 'Rust', 'JavaScript', 'TypeScript', 'Shell', 'Python']"
12,No GitHub Link
13,"['JavaScript', 'Solidity', 'TypeScript', 'Go', 'TypeScript', 'Shell', 'Go', 'Go', 'TypeScript', 'JavaScript', 'Go', 'Go', 'Go', 'HCL', 'JavaScript', 'JavaScript', 'TypeScript', 'Go', 'Solidity', 'Shell']"
14,"['C++', 'Python', 'JavaScript', 'C++', 'TypeScript', 'Python', 'Python', 'Kotlin', 'Vue', 'Ruby', 'TypeScript', 'JavaScript', 'C++', 'Python', 'HTML']"
15,"['C++', 'HTML', 'HTML', 'JavaScript', 'JavaScript', 'C++', 'Dockerfile', 'JavaScript', 'HTML', 'HTML', 'C++', 'HTML', 'JavaScript', 'HTML', 'C++', 'Java', 'Python']"
16,No GitHub Link
17,"['JavaScript', 'HTML', 'JavaScript', 'HTML', 'JavaScript', 'HTML']"
18,No GitHub Link
19,No GitHub Link
20,"['Go', 'TypeScript', 'TypeScript', 'Solidity', 'Vue', 'Go', 'Rust', 'Go', 'Go', 'Go', 'Go', 'Go', 'Rust', 'Solidity', 'JavaScript', 'Go', 'Go', 'Rust', 'TypeScript', 'JavaScript', 'Solidity']"
21,"['RPC', 'C', 'Go', 'JavaScript', 'JavaScript', 'MDX', 'Java', 'Rust', 'MDX', 'Go', 'C', 'TypeScript', 'Rust', 'Rust', 'Shell', 'Rust', 'JavaScript', 'TypeScript', 'Rust', 'Go', 'Python']"
22,"['Go', 'JavaScript', 'TypeScript', 'MDX', 'JavaScript', 'Go', 'TypeScript', 'Go', 'Go', 'Go', 'MDX', 'TypeScript', 'Go', 'Go', 'Go', 'JavaScript', 'Go', 'TypeScript', 'Solidity', 'Shell']"
23,"['Python', 'Solidity', 'Solidity', 'Python', 'Go', 'Solidity', 'Kotlin', 'Solidity', 'Go', 'Solidity', 'Go', 'Go', 'JavaScript', 'JavaScript', 'Solidity', 'JavaScript', 'Go', 'Shell', 'Python', 'HCL', 'JavaScript']"
24,"['TypeScript', 'TypeScript', 'JavaScript', 'Solidity', 'Solidity', 'TypeScript', 'Solidity', 'TypeScript', 'TypeScript', 'Solidity', 'Solidity', 'Python', 'TypeScript', 'JavaScript', 'TypeScript', 'Solidity', 'Python', 'Go']"
25,No GitHub Link
26,"['C++', 'C', 'Python', 'TeX', 'CSS', 'C++', 'CSS', 'C', 'Python', 'Standard ML', 'C', 'Assembly', 'Python', 'TeX', 'C++', 'Python', 'C', 'C++', 'HTML', 'G-code']"
27,No GitHub Link
28,"['Go', 'TeX', 'Go', 'TypeScript', 'Go', 'TeX', 'Go', 'TeX', 'Go', 'Go', 'Go', 'TypeScript', 'Go', 'Go', 'Go', 'Go', 'TypeScript', 'Vue', 'JavaScript', 'Shell']"
29,"['JavaScript', 'HTML', 'Io', 'JavaScript', 'HTML', 'TypeScript', 'HTML', 'JavaScript', 'HTML', 'JavaScript', 'Go', 'Shell', 'Ruby']"
30,"['Java', 'Java', 'Solidity', 'JavaScript', 'TypeScript', 'TypeScript', 'Java', 'Java', 'TypeScript', 'TypeScript', 'Go', 'TypeScript', 'TypeScript', 'Java', 'Java', 'TypeScript', 'Java', 'TypeScript', 'JavaScript', 'Go', 'Shell']"
31,"['Rust', 'Motoko', 'Rust', 'OCaml', 'Rust', 'JavaScript', 'Rust', 'Rust', 'Rust', 'JavaScript', 'Shell', 'Svelte', 'Rust', 'TypeScript', 'Rust', 'TypeScript', 'JavaScript', 'Motoko', 'Shell']"
32,"['Jupyter Notebook', 'Go', 'Rust', 'Rust', 'Rust', 'Rust', 'Go', 'Go', 'Jupyter Notebook', 'Go', 'Rust', 'Go', 'Go', 'Rust', 'JavaScript', 'TypeScript', 'Shell']"
33,"['Go', 'Elixir', 'Shell', 'JavaScript', 'Elixir', 'Go', 'Go', 'Shell', 'TypeScript', 'TypeScript', 'Solidity', 'TypeScript', 'JavaScript', 'Kotlin', 'Go', 'JavaScript', 'TypeScript', 'Solidity', 'Shell']"
34,"['JavaScript', 'JavaScript', 'Python', 'Python', 'Python', 'Solidity', 'Python', 'TypeScript', 'TypeScript', 'TypeScript', 'TypeScript', 'Python', 'TypeScript', 'JavaScript', 'Go', 'Solidity']"
35,"['Go', 'Go', 'Shell', 'TypeScript', 'Shell', 'Go', 'Go', 'Go', 'Go', 'Go', 'TypeScript', 'Go', 'Go', 'JavaScript', 'Shell', 'Go', 'Shell', 'Rust', 'TypeScript', 'JavaScript']"
36,No GitHub Link
37,"['JavaScript', 'Vue', 'JavaScript', 'TypeScript', 'PHP', 'TypeScript', 'PHP', 'JavaScript', 'JavaScript', 'Vue', 'JavaScript', 'Java', 'JavaScript', 'PHP', 'Java', 'TypeScript', 'Vue']"
38,No GitHub Link
39,"['Go', 'Vue', 'TypeScript', 'TypeScript', 'TypeScript', 'JavaScript', 'TypeScript', 'TypeScript', 'TypeScript', 'Go', 'Vue', 'TypeScript', 'TypeScript', 'Vue', 'JavaScript', 'Go', 'Java']"
40,"['Rust', 'TypeScript', 'JavaScript', 'TypeScript', 'Python', 'Rust', 'Rust', 'Rust', 'Rust', 'TypeScript', 'TypeScript', 'TypeScript', 'JavaScript', 'Rust', 'Rust', 'Rust', 'Rust', 'JavaScript', 'TypeScript', 'Python', 'WebAssembly']"
41,"['Go', 'Solidity', 'Solidity', 'Vue', 'Jupyter Notebook', 'Go', 'Vue', 'Vue', 'Solidity', 'Go', 'TypeScript', 'Go', 'Solidity', 'TypeScript', 'Go', 'JavaScript', 'Solidity', 'Shell']"
42,"['Solidity', 'Solidity', 'Shell', 'Python', 'JavaScript', 'MDX', 'Solidity', 'PLpgSQL', 'TypeScript', 'HTML', 'Solidity', 'Python', 'Solidity', 'Solidity', 'JavaScript', 'Python', 'Shell', 'TypeScript']"
43,"['TypeScript', 'TypeScript', 'TypeScript', 'TypeScript', 'TypeScript', 'TypeScript', 'TypeScript', 'TypeScript', 'TypeScript', 'TypeScript', 'TypeScript', 'JavaScript', 'Solidity', 'TypeScript', 'TypeScript', 'TypeScript', 'JavaScript', 'Solidity', 'C', 'HTML']"
44,"['TypeScript', 'TypeScript', 'TypeScript', 'Rust', 'TypeScript', 'MDX', 'TypeScript', 'Rust', 'TypeScript', 'TypeScript', 'TypeScript', 'Rust', 'Go', 'Julia', 'TypeScript', 'TypeScript', 'JavaScript', 'Rust', 'Go', 'TeX']"
45,"['Go', 'TypeScript', 'Python', 'Python', 'Shell', 'Go', 'Go', 'Java', 'Go', 'Go', 'Python', 'Go', 'TypeScript', 'C', 'Go', 'Gherkin', 'Go', 'C', 'Python', 'Rust', 'JavaScript']"
46,"['Go', 'JavaScript', 'Vue', 'JavaScript', 'PHP', 'HTML', 'TypeScript', 'JavaScript', 'JavaScript', 'Go', 'TypeScript', 'JavaScript', 'TypeScript', 'JavaScript', 'Go', 'TypeScript', 'JavaScript', 'TypeScript', 'HTML', 'Solidity', 'Python']"
47,No GitHub Link
48,No GitHub Link
49,No GitHub Link
50,No GitHub Link
51,"['Rust', 'JavaScript', 'Rust', 'Rust', 'JavaScript', 'Rust', 'Rust', 'Python', 'Rust', 'TypeScript', 'Rust', 'Python', 'Python', 'JavaScript', 'Svelte', 'TypeScript', 'JavaScript', 'Rust', 'Python', 'Shell']"
52,"['Go', 'Rust', 'Go', 'TypeScript', 'TypeScript', 'TypeScript', 'Shell', 'Go', 'Rust', 'Python', 'Rust', 'Go', 'TypeScript', 'TypeScript', 'Go', 'TypeScript', 'Rust', 'JavaScript', 'Python']"
53,"['C++', 'C++', 'C++', 'C++', 'C++', 'C++', 'C++', 'C', 'C++', 'C++', 'C++', 'JavaScript', 'C++', 'JavaScript', 'C', 'Shell', 'Python']"
54,"['Go', 'Go', 'JavaScript', 'Go', 'JavaScript', 'JavaScript', 'HTML', 'Solidity', 'TypeScript', 'JavaScript', 'Go', 'Go', 'Go', 'TypeScript', 'HTML', 'JavaScript', 'TypeScript', 'Solidity', 'Go', 'Python']"
55,No GitHub Link
56,"['Vue', 'Shell', 'Python', 'TypeScript', 'Go', 'Go', 'TypeScript', 'Go', 'Vue', 'Python', 'Rust', 'Go', 'Rust', 'SCSS', 'Go', 'C#', 'Go', 'TypeScript', 'Rust', 'JavaScript', 'Vue']"
57,"['Go', 'Go', 'Solidity', 'JavaScript', 'JavaScript', 'Go', 'Go', 'Go', 'JavaScript', 'Go', 'TypeScript', 'Go', 'Go', 'TypeScript', 'Go', 'Shell', 'JavaScript', 'Rust', 'Go', 'Solidity', 'TypeScript']"
58,"['C++', 'Java', 'C#', 'Java', 'Shell', 'C#', 'Shell', 'Go', 'TypeScript', 'Go', 'Go', 'Dockerfile', 'Shell', 'C++', 'Java', 'Go', 'C#', 'Java', 'Shell', 'TypeScript']"
59,"['TypeScript', 'TypeScript', 'TypeScript', 'TypeScript', 'C#', 'Makefile', 'TypeScript', 'TypeScript', 'TypeScript', 'C#', 'TypeScript', 'JavaScript', 'Rust', 'C#', 'TypeScript', 'TypeScript', 'TypeScript', 'JavaScript', 'C#', 'Rust', 'Go']"
60,No GitHub Link
61,No GitHub Link
62,No GitHub Link
63,"['Python', 'Solidity', 'Solidity', 'Python', 'Go', 'Solidity', 'Kotlin', 'Solidity', 'Go', 'Solidity', 'Go', 'Go', 'JavaScript', 'JavaScript', 'Solidity', 'JavaScript', 'Go', 'Shell', 'Python', 'HCL', 'JavaScript']"
64,"['C#', 'C#', 'C#', 'C#', 'C#', 'C#', 'C#', 'C#', 'C#', 'C#', 'JavaScript', 'C#', 'JavaScript', 'JavaScript', 'C#', 'JavaScript', 'HTML', 'Java', 'TypeScript']"
65,"['TypeScript', 'Vue', 'TypeScript', 'JavaScript', 'C', 'TypeScript', 'Swift', 'Go', 'TypeScript', 'JavaScript', 'C', 'Swift']"
66,"['Go', 'Go', 'Go', 'Go', 'Go', 'Go', 'Go', 'Go', 'Go', 'TypeScript', 'Go', 'JavaScript', 'Go', 'Go', 'TypeScript', 'JavaScript', 'Shell', 'Kotlin']"
67,"['Python', 'Solidity', 'Solidity', 'Python', 'Go', 'Solidity', 'Kotlin', 'Solidity', 'Go', 'Solidity', 'Go', 'Go', 'JavaScript', 'JavaScript', 'Solidity', 'JavaScript', 'Go', 'Shell', 'Python', 'HCL', 'JavaScript']"
68,No GitHub Link
69,"['C++', 'Python', 'HTML', 'C', 'C', 'C++', 'Python', 'C', 'HTML', 'C', 'C', 'C++', 'Python', 'HTML']"
70,"['Go', 'Go', 'JavaScript', 'JavaScript', 'Go', 'Go', 'Go', 'Go', 'TypeScript', 'Go', 'MDX', 'Go', 'Go', 'JavaScript', 'Cadence', 'TypeScript', 'Kotlin']"
71,"['JavaScript', 'Go', 'Shell', 'Just', 'Go', 'Shell', 'Just', 'HTML', 'Go', 'TypeScript', 'TypeScript', 'JavaScript', 'TypeScript', 'JavaScript', 'Go', 'Solidity', 'TypeScript', 'Python']"
72,No GitHub Link
73,No GitHub Link
74,"['Go', 'Java', 'JavaScript', 'Go', 'Java', 'JavaScript', 'Python', 'TypeScript', 'TypeScript', 'JavaScript', 'TypeScript', 'Shell', 'Python', 'Go']"
75,No GitHub Link
76,"['Solidity', 'Solidity', 'Solidity', 'Solidity', 'Solidity', 'Solidity', 'Solidity', 'Solidity', 'C++', 'Solidity', 'TypeScript', 'JavaScript', 'C++', 'HTML']"
77,"['JavaScript', 'TypeScript', 'Go', 'Go', 'Rust', 'Go', 'Go', 'TypeScript', 'Go', 'Go', 'Go', 'Go', 'Go', 'Rust', 'JavaScript', 'Go', 'Rust', 'TypeScript', 'Java']"
78,"['C++', 'Rust', 'Rust', 'HTML', 'Rust', 'C++', 'Swift', 'Kotlin', 'Python', 'Kotlin', 'HTML', 'Swift', 'Rust', 'Rust', 'Rust', 'Rust', 'Kotlin', 'C++', 'Python', 'Swift']"
79,"['Rust', 'Shell', 'TypeScript', 'Gherkin', 'TypeScript', 'TypeScript', 'Rust', 'TypeScript', 'PHP', 'Vue', 'Rust', 'Python', 'TypeScript', 'Rust', 'TypeScript', 'JavaScript', 'Shell', 'Python']"
80,"['Rust', 'Rust', 'Rust', 'Rust', 'Rust', 'Move', 'C++', 'Rust', 'Rust', 'TypeScript', 'Rust', 'Move', 'Python', 'TypeScript', 'JavaScript']"
81,No GitHub Link
82,"['C++', 'C++', 'HTML', 'C', 'HTML', 'Python', 'HTML', 'Go', 'JavaScript', 'HTML', 'JavaScript', 'Go', 'Go', 'Go', 'Go', 'JavaScript', 'Python', 'C++', 'Go', 'C']"
83,"['Python', 'Python', 'Python', 'Python', 'Python', 'TypeScript', 'Vyper', 'TypeScript', 'Vyper', 'Vyper', 'JavaScript', 'Python', 'C++', 'TypeScript', 'Python', 'TypeScript', 'Vyper', 'JavaScript', 'Solidity']"
84,"['Rust', 'JavaScript', 'JavaScript', 'Go', 'TypeScript', 'Solidity', 'JavaScript', 'Go', 'TeX', 'Rust', 'TypeScript', 'JavaScript', 'TypeScript', 'Go', 'Rust', 'Solidity']"
85,"['OCaml', 'C++', 'C++', 'C', 'C++', 'OCaml', 'Go', 'TypeScript', 'OCaml', 'TypeScript', 'TypeScript', 'Nix', 'Nix', 'Nix', 'OCaml', 'Nix', 'C++', 'C', 'TypeScript']"
86,"['JavaScript', 'Shell', 'C', 'Go', 'Go', 'C', 'C', 'TypeScript', 'JavaScript', 'Go', 'Solidity', 'TypeScript', 'Go', 'Go', 'Go', 'TypeScript', 'JavaScript', 'Go', 'TypeScript', 'C', 'Solidity']"
87,"['JavaScript', 'SCSS', 'TypeScript', 'Go', 'TypeScript', 'TypeScript', 'TypeScript', 'TypeScript', 'SCSS', 'TypeScript', 'JavaScript', 'JavaScript', 'JavaScript', 'JavaScript', 'Go', 'TypeScript', 'Go', 'Rust', 'JavaScript', 'Python']"
88,"['Go', 'Swift', 'Go', 'Go', 'C++', 'Go', 'Go', 'C++', 'Shell', 'Go', 'TypeScript', 'Swift', 'Go', 'Objective-C', 'Swift', 'TypeScript', 'Go', 'JavaScript', 'Java']"
89,No GitHub Link
90,"['TypeScript', 'TypeScript', 'JavaScript', 'TypeScript', 'JavaScript', 'TypeScript', 'TypeScript', 'TypeScript', 'TypeScript', 'JavaScript']"
91,"['TypeScript', 'JavaScript', 'TypeScript', 'TypeScript', 'Rust', 'JavaScript', 'TypeScript', 'Solidity', 'Solidity', 'TypeScript', 'Solidity', 'TypeScript', 'Rust', 'Elm', 'TypeScript', 'JavaScript', 'TypeScript', 'Rust', 'Solidity', 'Elixir']"
92,"['JavaScript', 'JavaScript', 'JavaScript', 'JavaScript', 'JavaScript']"
93,No GitHub Link
94,No GitHub Link
95,No GitHub Link
96,No GitHub Link
97,"['Solidity', 'Scala', 'C++', 'HCL', 'HTML', 'Java', 'Go', 'HCL', 'HCL', 'Kotlin', 'Go', 'HCL', 'Python', 'Scala', 'HCL', 'TypeScript', 'HCL', 'JavaScript', 'C++', 'Python', 'Go']"
98,"['Go', 'Go', 'TypeScript', 'Go', 'Python', 'TypeScript', 'TypeScript', 'Go', 'TypeScript', 'Go', 'Ruby', 'TypeScript', 'TypeScript', 'Python', 'Go', 'TypeScript', 'Go', 'Ruby', 'Python']"
99,"['Rust', 'Rust', 'CSS', 'TypeScript', 'Rust', 'CSS', 'JavaScript', 'Vue', 'Rust', 'Vue', 'TypeScript', 'Rust', 'Rust', 'TypeScript', 'TypeScript', 'Rust', 'JavaScript', 'Vue', 'Solidity']"
100,"['C++', 'Rust', 'Rust', 'Go', 'Kotlin', 'Objective-C', 'Rust', 'C++', 'Kotlin', 'Objective-C', 'Shell', 'Java', 'Rust', 'HCL', 'Python', 'JavaScript', 'JavaScript', 'Python', 'Rust', 'C', 'Shell']"
101,No GitHub Link
102,"['TypeScript', 'TypeScript', 'HTML', 'TypeScript', 'TypeScript', 'Move', 'TypeScript', 'TypeScript', 'TypeScript', 'HTML', 'TypeScript', 'Java', 'TypeScript', 'TypeScript', 'Solidity', 'TypeScript', 'TypeScript', 'JavaScript', 'Solidity', 'Java', 'Move']"
103,No GitHub Link
104,"['C', 'TypeScript', 'TypeScript', 'C', 'JavaScript', 'C++', 'TypeScript', 'Erlang', 'C++', 'C', 'TypeScript', 'C++', 'C', 'JavaScript', 'Erlang']"
105,"['C++', 'OCaml', 'JavaScript', 'TypeScript', 'Go', 'C++', 'Java', 'OCaml', 'Rust', 'TypeScript', 'Shell', 'TypeScript', 'TypeScript', 'Rust', 'TypeScript', 'JavaScript', 'Go', 'C++', 'Rust']"
106,"['Go', 'Rust', 'Go', 'Go', 'Rust', 'Go', 'TypeScript', 'Go', 'Go', 'JavaScript', 'TypeScript', 'Rust', 'Go', 'JavaScript', 'TypeScript', 'Go', 'Go', 'Rust', 'JavaScript', 'TypeScript', 'Shell']"
107,No GitHub Link
108,"['TeX', 'JavaScript', 'Ruby', 'Go', 'Rust', 'Go', 'JavaScript', 'Ruby', 'Go', 'Go', 'Go', 'Python', 'C', 'Python', 'JavaScript', 'JavaScript', 'C', 'C++', 'Go', 'Ruby']"
109,"['Solidity', 'JavaScript', 'Solidity', 'C++', 'JavaScript', 'TypeScript', 'TypeScript', 'Solidity', 'JavaScript', 'Solidity', 'JavaScript', 'JavaScript', 'CSS', 'JavaScript', 'Solidity', 'JavaScript', 'TypeScript', 'Solidity', 'Swift', 'Python']"
110,"['TypeScript', 'Shell', 'Go', 'TypeScript', 'Rust', 'Shell', 'TypeScript', 'Shell', 'Go', 'Go', 'Go', 'Go', 'Go', 'Go', 'Go', 'Rust', 'Go', 'Rust', 'TypeScript', 'Shell', 'Python']"
111,"['Python', 'TypeScript', 'HTML', 'C++', 'C++', 'Rust', 'JavaScript', 'Python', 'JavaScript', 'Rust', 'TypeScript', 'JavaScript', 'Jinja', 'Go', 'C++', 'Python', 'JavaScript', 'TypeScript', 'C', 'Go']"
112,"['Solidity', 'TypeScript', 'TeX', 'JavaScript', 'C++', 'TypeScript', 'Solidity', 'TypeScript', 'TypeScript', 'TypeScript', 'JavaScript', 'TypeScript', 'Swift', 'Kotlin', 'TypeScript', 'JavaScript', 'C++', 'Python', 'Swift']"
113,"['Solidity', 'PHP', 'PHP', 'PHP', 'C#', 'Rust', 'PHP', 'PHP', 'PHP', 'PHP', 'C', 'PHP', 'Vue', 'C#', 'TypeScript', 'PHP', 'Java', 'C#', 'JavaScript', 'C++']"
114,"['TypeScript', 'JavaScript', 'Rust', 'MDX', 'TypeScript', 'Rust', 'Rust', 'Rust', 'TypeScript', 'MDX', 'TypeScript', 'Rust', 'Rust', 'Erlang', 'Rust', 'C', 'TypeScript', 'JavaScript']"
115,"['C++', 'Python', 'Go', 'TypeScript', 'C', 'C++', 'Go', 'Python', 'C', 'C', 'C++', 'Go', 'JavaScript', 'JavaScript', 'Python', 'Go', 'C', 'TypeScript']"
116,"['JavaScript', 'JavaScript', 'JavaScript', 'JavaScript', 'CSS', 'JavaScript', 'TypeScript', 'TypeScript', 'JavaScript', 'TypeScript', 'TypeScript', 'TypeScript', 'JavaScript', 'TypeScript', 'JavaScript', 'TypeScript', 'Solidity', 'Python', 'CSS']"
117,"['Java', 'JavaScript', 'JavaScript', 'Java', 'Shell', 'Go', 'JavaScript', 'HTML', 'JavaScript', 'Shell', 'Java', 'Go', 'HTML']"
118,"['C++', 'Go', 'Python', 'C++', 'Python', 'Go', 'TypeScript', 'TypeScript', 'Shell', 'JavaScript', 'C++', 'JavaScript', 'JavaScript', 'C++', 'Python', 'Go', 'TypeScript']"
119,"['HTML', 'Python', 'Go', 'JavaScript', 'Python', 'JavaScript', 'Python', 'Python', 'TypeScript', 'Go', 'JavaScript', 'Python', 'Python', 'Python', 'Java', 'Idris', 'Python', 'JavaScript', 'C++', 'Scheme', 'Jupyter Notebook']"
120,"['TypeScript', 'TypeScript', 'Markdown', 'TypeScript', 'TypeScript', 'Markdown', 'Go', 'JavaScript', 'TypeScript', 'TypeScript', 'CSS', 'TypeScript', 'TypeScript', 'JavaScript', 'Swift', 'HTML', 'Go']"
121,"['Go', 'TypeScript', 'TypeScript', 'TypeScript', 'TypeScript', 'Python', 'Go', 'Mustache', 'Elixir', 'Python', 'TypeScript', 'TypeScript', 'Rust', 'Go', 'JavaScript', 'Python']"
122,"['Go', 'Go', 'JavaScript', 'Go', 'JavaScript', 'JavaScript', 'HTML', 'Solidity', 'TypeScript', 'JavaScript', 'Go', 'Go', 'Go', 'TypeScript', 'HTML', 'JavaScript', 'TypeScript', 'Solidity', 'Go', 'Python']"
123,"['Go', 'Go', 'C', 'Go', 'Go', 'SCSS', 'JavaScript', 'Shell', 'Go', 'Go', 'Go', 'JavaScript', 'PHP', 'SCSS', 'Shell']"
124,"['C#', 'C++', 'TypeScript', 'Go', 'Shell', 'MDX', 'MDX', 'Move', 'Go', 'Solidity', 'Shell', 'Bicep', 'C#', 'TypeScript', 'Go', 'Go', 'JavaScript', 'TypeScript', 'C++', 'Shell']"
125,"['C', 'JavaScript', 'C', 'C', 'JavaScript', 'C', 'C', 'C++', 'C', 'HCL', 'Go', 'C', 'C', 'JavaScript', 'C++', 'Go', 'HCL']"
126,"['Go', 'TypeScript', 'Rust', 'JavaScript', 'Shell', 'TypeScript', 'Rust', 'Go', 'Go', 'Python', 'Rust', 'Go', 'Rust', 'Go', 'Go', 'Go', 'Rust', 'TypeScript', 'Shell', 'JavaScript']"
127,"['TypeScript', 'TypeScript', 'Python', 'JavaScript', 'Python', 'Python', 'Python', 'TypeScript', 'JavaScript', 'JavaScript', 'Python', 'Python', 'TypeScript', 'TypeScript', 'Shell', 'TypeScript', 'Python', 'TypeScript', 'JavaScript', 'Shell', 'CSS']"
128,"['Python', 'Python', 'Python', 'JavaScript', 'TypeScript', 'TypeScript', 'Go', 'TypeScript', 'Python', 'Python', 'Vyper', 'TypeScript', 'TypeScript', 'JavaScript', 'Python', 'TypeScript', 'JavaScript', 'Python', 'Solidity', 'HTML']"
129,"['Go', 'JavaScript', 'MDX', 'TypeScript', 'TypeScript', 'TypeScript', 'Go', 'JavaScript', 'Go', 'TypeScript', 'Go', 'JavaScript', 'Go', 'Go', 'Go', 'MDX', 'JavaScript', 'Go', 'TypeScript', 'Shell', 'C']"
130,"['Rust', 'TypeScript', 'Vue', 'Rust', 'TypeScript', 'Rust', 'Rust', 'Rust', 'Nix', 'Rust', 'Vue', 'TypeScript', 'Rust', 'Nunjucks', 'Rust', 'Rust', 'JavaScript', 'TypeScript', 'HTML', 'Vue']"
131,No GitHub Link
132,No GitHub Link
133,[]
134,"['C#', 'JavaScript', 'Swift', 'Java', 'JavaScript', 'JavaScript', 'TypeScript', 'Go', 'C++', 'Java', 'JavaScript', 'JavaScript', 'C#', 'C#', 'JavaScript', 'C#', 'TypeScript', 'Java', 'HTML']"
135,"['Go', 'Python', 'TypeScript', 'Makefile', 'Python', 'Python', 'Python', 'TypeScript', 'Go', 'Go', 'Makefile', 'Python', 'Python', 'Python', 'Python', 'Python', 'Python', 'JavaScript', 'Go', 'TypeScript', 'Rust']"
136,No GitHub Link
137,"['Scala', 'TypeScript', 'Scala', 'Go', 'Scala', 'Go', 'Go', 'Rust', 'TypeScript', 'TypeScript', 'TypeScript', 'TypeScript', 'Rust', 'TypeScript', 'JavaScript', 'C', 'Go', 'Java']"
138,"['Rust', 'Python', 'TypeScript', 'Rust', 'JavaScript', 'TypeScript', 'TypeScript', 'JavaScript', 'Rust', 'TypeScript', 'TypeScript', 'Python', 'Rust', 'Rust', 'Python', 'JavaScript', 'TypeScript', 'Shell']"
139,No GitHub Link
140,No GitHub Link
141,No GitHub Link
142,"['Solidity', 'TypeScript', 'JavaScript', 'JavaScript', 'JavaScript', 'TypeScript', 'JavaScript', 'Solidity', 'JavaScript', 'TypeScript', 'Solidity']"
143,"['JavaScript', 'TypeScript', 'Jupyter Notebook', 'TypeScript', 'TypeScript', 'JavaScript', 'JavaScript', 'Go', 'JavaScript', 'Python', 'TypeScript', 'Python', 'TypeScript', 'JavaScript', 'Python', 'Go', 'Jupyter Notebook']"
144,"['Go', 'Solidity', 'Python', 'Java', 'Go', 'Rust', 'Go', 'Java', 'Java', 'Go', 'Rust', 'Smarty', 'Go', 'Python', 'Java', 'Go', 'JavaScript', 'Rust']"
145,"['HTML', 'JavaScript', 'JavaScript', 'HTML', 'JavaScript', 'HTML']"
146,"['Go', 'Go', 'Go', 'TypeScript', 'Go', 'Go', 'Go', 'Go', 'Go', 'JavaScript', 'Go', 'Go', 'TypeScript', 'JavaScript', 'C']"
147,"['TypeScript', 'Shell', 'Rust', 'Solidity', 'Rust', 'Go', 'TypeScript', 'TypeScript', 'Solidity', 'TypeScript', 'Rust', 'Solidity', 'Go', 'Rust', 'Go', 'TypeScript', 'Rust', 'Solidity', 'Go', 'JavaScript']"
148,"['JavaScript', 'TypeScript', 'HTML', 'C', 'C', 'HTML', 'Python', 'TypeScript', 'JavaScript', 'JavaScript', 'TypeScript', 'Python', 'JavaScript', 'C', 'PHP']"
149,"['JavaScript', 'SCSS', 'TypeScript', 'Go', 'TypeScript', 'TypeScript', 'TypeScript', 'TypeScript', 'SCSS', 'TypeScript', 'JavaScript', 'JavaScript', 'JavaScript', 'JavaScript', 'Go', 'TypeScript', 'Go', 'Rust', 'JavaScript', 'Python']"
150,No GitHub Link
151,"['C++', 'Python', 'PLpgSQL', 'PLpgSQL', 'Python', 'C++', 'Python', 'Python', 'Vue', 'JavaScript', 'PLpgSQL', 'HTML', 'HTML', 'JavaScript', 'Python', 'TypeScript', 'PLpgSQL', 'HTML']"
152,"['TypeScript', 'TypeScript', 'TypeScript', 'TypeScript', 'TypeScript', 'TypeScript', 'TypeScript', 'Go', 'TypeScript', 'TypeScript', 'Solidity', 'TypeScript', 'JavaScript', 'Go', 'Solidity', 'Rust']"
153,"['Go', 'JavaScript', 'Python', 'Vue', 'JavaScript', 'Go', 'Go', 'TypeScript', 'TypeScript', 'Go', 'Go', 'Go', 'Vue', 'Go', 'Python', 'Rust', 'TypeScript', 'C++']"
154,"['Go', 'Go', 'TypeScript', 'TypeScript', 'Go', 'TypeScript', 'TypeScript', 'TypeScript', 'TypeScript', 'Go', 'TypeScript', 'JavaScript', 'Python', 'Solidity']"
155,"['TypeScript', 'Rust', 'JavaScript', 'Rust', 'JavaScript', 'Rust', 'TypeScript', 'JavaScript', 'Rust', 'Rust', 'Rust', 'Rust', 'Rust', 'Rust', 'TypeScript', 'Rust', 'TypeScript', 'JavaScript', 'Solidity', 'Shell']"
156,No GitHub Link
157,"['Go', 'Python', 'JavaScript', 'Go', 'JavaScript', 'ReScript', 'Python', 'JavaScript', 'Solidity', 'Rust', 'Python', 'Rust', 'JavaScript', 'Python', 'Go', 'Rust', 'TypeScript']"
158,"['JavaScript', 'TypeScript', 'TypeScript', 'TypeScript', 'TypeScript', 'TypeScript', 'TypeScript', 'TypeScript', 'TypeScript', 'TypeScript', 'JavaScript', 'TypeScript', 'TypeScript', 'TypeScript', 'JavaScript', 'TypeScript', 'JavaScript', 'Solidity', 'Java', 'Python']"
159,"['Go', 'TypeScript', 'TypeScript', 'TypeScript', 'TypeScript', 'Solidity', 'TypeScript', 'JavaScript', 'Go', 'TypeScript', 'TypeScript', 'C', 'Go', 'TypeScript', 'TypeScript', 'JavaScript', 'Go', 'Solidity', 'Python']"
160,"['C++', 'C++', 'JavaScript', 'C++', 'TypeScript', 'C++', 'C++', 'JavaScript', 'C++', 'C++', 'Shell', 'TypeScript', 'JavaScript', 'Makefile', 'JavaScript', 'C++', 'TypeScript', 'Shell', 'Python']"
161,"['TypeScript', 'TypeScript', 'TypeScript', 'JavaScript', 'JavaScript', 'Solidity', 'TypeScript', 'Python', 'TypeScript', 'Solidity', 'TypeScript', 'TypeScript', 'Solidity', 'JavaScript', 'Python']"
162,"['TypeScript', 'TypeScript', 'MDX', 'Go', 'TypeScript', 'JavaScript', 'Solidity', 'JavaScript', 'MDX', 'TypeScript', 'TypeScript', 'HTML', 'Rust', 'Rust', 'JavaScript', 'TypeScript', 'Rust', 'Solidity', 'Go']"
163,"['Go', 'Shell', 'JavaScript', 'TypeScript', 'Swift', 'TypeScript', 'Go', 'Go', 'Go', 'Dockerfile', 'TypeScript', 'TypeScript', 'Shell', 'TypeScript', 'Go', 'JavaScript', 'Shell', 'C']"
164,"['TypeScript', 'TypeScript', 'TypeScript', 'TypeScript', 'TypeScript', 'TypeScript', 'TypeScript', 'TypeScript', 'TypeScript', 'JavaScript', 'Python', 'Solidity']"
165,No GitHub Link
166,"['Haskell', 'Haskell', 'Haskell', 'Haskell', 'HTML', 'JavaScript', 'Haskell', 'Haskell', 'Haskell', 'Pact', 'Haskell', 'Haskell', 'Haskell', 'Shell', 'Haskell', 'JavaScript', 'TypeScript', 'Nix', 'HTML']"
167,No GitHub Link
168,No GitHub Link
169,"['Python', 'Rust', 'Rust', 'Rust', 'Rust', 'Rust', 'Rust', 'C', 'TypeScript', 'Rust', 'C', 'JavaScript', 'Rust', 'Rust', 'C', 'TypeScript', 'JavaScript', 'Ruby']"
170,"['C++', 'C++', 'C++', 'HTML', 'CSS', 'Dockerfile', 'JavaScript', 'JavaScript', 'JavaScript', 'JavaScript', 'Python', 'C++', 'Java', 'HTML']"
171,No GitHub Link
172,"['Solidity', 'Solidity', 'Solidity', 'JavaScript', 'JavaScript', 'JavaScript', 'HTML', 'JavaScript', 'JavaScript', 'JavaScript', 'JavaScript', 'Solidity', 'TypeScript', 'JavaScript', 'Solidity', 'JavaScript', 'JavaScript', 'TypeScript', 'Solidity', 'Kotlin', 'HTML']"
173,"['Rust', 'TeX', 'Rust', 'Rust', 'Rust', 'Python', 'Rust', 'Rust', 'Rust', 'Rust', 'Rust', 'Rust', 'Rust', 'Python', 'C', 'TeX', 'HTML']"
174,"['TypeScript', 'TypeScript', 'Solidity', 'TypeScript', 'TypeScript', 'JavaScript', 'TypeScript', 'TypeScript', 'TypeScript', 'TypeScript', 'TypeScript', 'TypeScript', 'Solidity', 'TypeScript', 'TypeScript', 'Python', 'Solidity', 'JavaScript', 'C']"
175,No GitHub Link
176,"['Python', 'C++', 'C++', 'C++', 'TypeScript', 'Go', 'Python', 'TypeScript', 'C++', 'Solidity', 'TypeScript', 'Elixir', 'Python', 'TypeScript', 'Python', 'TypeScript', 'Python', 'JavaScript', 'TypeScript', 'Solidity', 'C++']"
177,"['JavaScript', 'C++', 'JavaScript', 'JavaScript', 'Vue', 'TypeScript', 'JavaScript', 'JavaScript', 'JavaScript', 'JavaScript', 'JavaScript', 'JavaScript', 'JavaScript', 'Dart', 'JavaScript', 'Shell', 'TypeScript', 'HTML', 'Dockerfile']"
178,"['JavaScript', 'TypeScript', 'TypeScript', 'JavaScript', 'TypeScript', 'Vue', 'TypeScript', 'TypeScript', 'TypeScript', 'TypeScript', 'JavaScript', 'Solidity', 'Vue', 'Go']"
179,"['C++', 'Scala', 'Shell', 'Rust', 'JavaScript', 'C++', 'Scala', 'Shell', 'Go', 'Java', 'JavaScript', 'Scala', 'TypeScript', 'TypeScript', 'JavaScript', 'C++', 'Shell', 'Python', 'Rust']"
180,No GitHub Link
181,"['TypeScript', 'Solidity', 'Go', 'TypeScript', 'TypeScript', 'Solidity', 'TypeScript', 'Solidity', 'TypeScript', 'Go', 'Go', 'TypeScript', 'TypeScript', 'Go', 'TypeScript', 'JavaScript', 'Python', 'Solidity']"
182,"['Go', 'Go', 'Vue', 'Vue', 'JavaScript', 'Shell', 'Vue', 'Solidity', 'Go', 'TypeScript', 'HTML', 'JavaScript', 'PHP', 'TypeScript', 'JavaScript', 'Go', 'HTML', 'Shell', 'CSS']"
183,"['Rust', 'Rust', 'Solidity', 'C++', 'C++', 'Shell', 'TypeScript', 'Rust', 'TypeScript', 'Rust', 'Rust', 'Rust', 'Rust', 'Rust', 'Rust', 'Rust', 'Rust', 'JavaScript', 'TypeScript', 'C++', 'Solidity']"
184,No GitHub Link
185,"['TypeScript', 'TypeScript', 'JavaScript', 'JavaScript', 'JavaScript', 'JavaScript', 'JavaScript', 'JavaScript', 'CSS', 'JavaScript', 'TypeScript', 'TypeScript', 'TypeScript', 'TypeScript', 'JavaScript', 'TypeScript', 'Assembly', 'Rust', 'CSS']"
186,"['C++', 'HTML', 'Rust', 'Kaitai Struct', 'Kaitai Struct', 'C++', 'HTML', 'CSS', 'Python', 'Rust', 'Kaitai Struct', 'Shell', 'C++', 'C++', 'C++', 'Rust', 'HTML', 'JavaScript', 'C']"
187,"['Go', 'Go', 'Go', 'Go', 'Shell', 'Go', 'Go', 'Go', 'Go', 'C', 'Go', 'JavaScript', 'Go', 'Go', 'Go', 'Shell', 'JavaScript', 'Java', 'C++']"
188,"['HTML', 'JavaScript', 'TypeScript', 'Go', 'Go', 'Solidity', 'JavaScript', 'TypeScript', 'Solidity', 'TypeScript', 'Go', 'JavaScript', 'TypeScript', 'Python', 'HTML']"
189,"['C++', 'Python', 'Makefile', 'Makefile', 'Makefile', 'TypeScript', 'TypeScript', 'Rust', 'TypeScript', 'C++', 'Solidity', 'Smarty', 'Makefile', 'Solidity', 'TypeScript', 'Rust', 'C', 'Makefile', 'Dockerfile']"
190,"['Solidity', 'Solidity', 'Go', 'Solidity', 'JavaScript', 'Go', 'Go', 'Solidity', 'Go', 'Go', 'Go', 'Go', 'Go', 'Go', 'Go', 'JavaScript', 'Rust', 'Solidity', 'TypeScript']"
191,No GitHub Link
192,No GitHub Link
193,"['Clojure', 'QML', 'Go', 'Nim', 'TypeScript', 'Clojure', 'TypeScript', 'QML', 'Nim', 'Go', 'Nim', 'Python', 'Nim', 'Nim', 'JavaScript', 'Nim', 'Go', 'Python', 'Jinja']"
194,"['JavaScript', 'SCSS', 'TypeScript', 'SCSS', 'TypeScript', 'JavaScript', 'JavaScript', 'TypeScript', 'SCSS']"
